DATAFLOW,LAST UPDATE,freq,indic_em,age,unit,geo,TIME_PERIOD,OBS_VALUE,OBS_FLAG,CONF_STATUS
ESTAT:TESEM060(1.0),11/12/25 23:00:00,A,EMP_LFS,Y20-64,PC_POP,AT,2009,10.5,,
ESTAT:TESEM060(1.0),11/12/25 23:00:00,A,EMP_LFS,Y20-64,PC_POP,AT,2010,10.2,,
ESTAT:TESEM060(1.0),11/12/25 23:00:00,A,EMP_LFS,Y20-64,PC_POP,AT,2011,10.0,,
ESTAT:TESEM060(1.0),11/12/25 23:00:00,A,EMP_LFS,Y20-64,PC_POP,AT,2012,9.7,,
ESTAT:TESEM060(1.0),11/12/25 23:00:00,A,EMP_LFS,Y20-64,PC_POP,AT,2013,9.1,,
ESTAT:TESEM060(1.0),11/12/25 23:00:00,A,EMP_LFS,Y20-64,PC_POP,AT,2014,8.2,,
ESTAT:TESEM060(1.0),11/12/25 23:00:00,A,EMP_LFS,Y20-64,PC_POP,AT,2015,8.2,,
ESTAT:TESEM060(1.0),11/12/25 23:00:00,A,EMP_LFS,Y20-64,PC_POP,AT,2016,7.8,,
ESTAT:TESEM060(1.0),11/12/25 23:00:00,A,EMP_LFS,Y20-64,PC_POP,AT,2017,8.0,,
ESTAT:TESEM060(1.0),11/12/25 23:00:00,A,EMP_LFS,Y20-64,PC_POP,AT,2018,9.0,,
ESTAT:TESEM060(1.0),11/12/25 23:00:00,A,EMP_LFS,Y20-64,PC_POP,AT,2019,8.8,,
ESTAT:TESEM060(1.0),11/12/25 23:00:00,A,EMP_LFS,Y20-64,PC_POP,AT,2020,8.4,,
ESTAT:TESEM060(1.0),11/12/25 23:00:00,A,EMP_LFS,Y20-64,PC_POP,AT,2021,8.6,,
ESTAT:TESEM060(1.0),11/12/25 23:00:00,A,EMP_LFS,Y20-64,PC_POP,AT,2022,7.8,,
ESTAT:TESEM060(1.0),11/12/25 23:00:00,A,EMP_LFS,Y20-64,PC_POP,AT,2023,7.8,,
ESTAT:TESEM060(1.0),11/12/25 23:00:00,A,EMP_LFS,Y20-64,PC_POP,AT,2024,6.9,,
ESTAT:TESEM060(1.0),11/12/25 23:00:00,A,EMP_LFS,Y20-64,PC_POP,BA,2021,26.9,,
ESTAT:TESEM060(1.0),11/12/25 23:00:00,A,EMP_LFS,Y20-64,PC_POP,BA,2022,27.7,,
ESTAT:TESEM060(1.0),11/12/25 23:00:00,A,EMP_LFS,Y20-64,PC_POP,BA,2023,27.4,,
ESTAT:TESEM060(1.0),11/12/25 23:00:00,A,EMP_LFS,Y20-64,PC_POP,BA,2024,27.6,,
ESTAT:TESEM060(1.0),11/12/25 23:00:00,A,EMP_LFS,Y20-64,PC_POP,BE,2009,12.2,,
ESTAT:TESEM060(1.0),11/12/25 23:00:00,A,EMP_LFS,Y20-64,PC_POP,BE,2010,11.9,,
ESTAT:TESEM060(1.0),11/12/25 23:00:00,A,EMP_LFS,Y20-64,PC_POP,BE,2011,11.5,,
ESTAT:TESEM060(1.0),11/12/25 23:00:00,A,EMP_LFS,Y20-64,PC_POP,BE,2012,11.0,,
ESTAT:TESEM060(1.0),11/12/25 23:00:00,A,EMP_LFS,Y20-64,PC_POP,BE,2013,10.2,,
ESTAT:TESEM060(1.0),11/12/25 23:00:00,A,EMP_LFS,Y20-64,PC_POP,BE,2014,8.7,,
ESTAT:TESEM060(1.0),11/12/25 23:00:00,A,EMP_LFS,Y20-64,PC_POP,BE,2015,8.3,,
ESTAT:TESEM060(1.0),11/12/25 23:00:00,A,EMP_LFS,Y20-64,PC_POP,BE,2016,9.3,,
ESTAT:TESEM060(1.0),11/12/25 23:00:00,A,EMP_LFS,Y20-64,PC_POP,BE,2017,9.8,b,
ESTAT:TESEM060(1.0),11/12/25 23:00:00,A,EMP_LFS,Y20-64,PC_POP,BE,2018,8.4,,
ESTAT:TESEM060(1.0),11/12/25 23:00:00,A,EMP_LFS,Y20-64,PC_POP,BE,2019,8.0,,
ESTAT:TESEM060(1.0),11/12/25 23:00:00,A,EMP_LFS,Y20-64,PC_POP,BE,2020,8.1,,
ESTAT:TESEM060(1.0),11/12/25 23:00:00,A,EMP_LFS,Y20-64,PC_POP,BE,2021,7.7,,
ESTAT:TESEM060(1.0),11/12/25 23:00:00,A,EMP_LFS,Y20-64,PC_POP,BE,2022,7.6,,
ESTAT:TESEM060(1.0),11/12/25 23:00:00,A,EMP_LFS,Y20-64,PC_POP,BE,2023,7.6,,
ESTAT:TESEM060(1.0),11/12/25 23:00:00,A,EMP_LFS,Y20-64,PC_POP,BE,2024,8.0,,
ESTAT:TESEM060(1.0),11/12/25 23:00:00,A,EMP_LFS,Y20-64,PC_POP,BG,2009,9.3,,
ESTAT:TESEM060(1.0),11/12/25 23:00:00,A,EMP_LFS,Y20-64,PC_POP,BG,2010,7.5,b,
ESTAT:TESEM060(1.0),11/12/25 23:00:00,A,EMP_LFS,Y20-64,PC_POP,BG,2011,5.8,b,
ESTAT:TESEM060(1.0),11/12/25 23:00:00,A,EMP_LFS,Y20-64,PC_POP,BG,2012,5.2,,
ESTAT:TESEM060(1.0),11/12/25 23:00:00,A,EMP_LFS,Y20-64,PC_POP,BG,2013,5.4,,
ESTAT:TESEM060(1.0),11/12/25 23:00:00,A,EMP_LFS,Y20-64,PC_POP,BG,2014,5.8,,
ESTAT:TESEM060(1.0),11/12/25 23:00:00,A,EMP_LFS,Y20-64,PC_POP,BG,2015,6.3,,
ESTAT:TESEM060(1.0),11/12/25 23:00:00,A,EMP_LFS,Y20-64,PC_POP,BG,2016,6.8,,
ESTAT:TESEM060(1.0),11/12/25 23:00:00,A,EMP_LFS,Y20-64,PC_POP,BG,2017,7.6,,
ESTAT:TESEM060(1.0),11/12/25 23:00:00,A,EMP_LFS,Y20-64,PC_POP,BG,2018,7.7,,
ESTAT:TESEM060(1.0),11/12/25 23:00:00,A,EMP_LFS,Y20-64,PC_POP,BG,2019,8.1,b,
ESTAT:TESEM060(1.0),11/12/25 23:00:00,A,EMP_LFS,Y20-64,PC_POP,BG,2020,8.3,,
ESTAT:TESEM060(1.0),11/12/25 23:00:00,A,EMP_LFS,Y20-64,PC_POP,BG,2021,8.4,,
ESTAT:TESEM060(1.0),11/12/25 23:00:00,A,EMP_LFS,Y20-64,PC_POP,BG,2022,7.5,,
ESTAT:TESEM060(1.0),11/12/25 23:00:00,A,EMP_LFS,Y20-64,PC_POP,BG,2023,7.3,,
ESTAT:TESEM060(1.0),11/12/25 23:00:00,A,EMP_LFS,Y20-64,PC_POP,BG,2024,7.2,b,
ESTAT:TESEM060(1.0),11/12/25 23:00:00,A,EMP_LFS,Y20-64,PC_POP,CH,2010,12.9,b,
ESTAT:TESEM060(1.0),11/12/25 23:00:00,A,EMP_LFS,Y20-64,PC_POP,CH,2011,12.2,,
ESTAT:TESEM060(1.0),11/12/25 23:00:00,A,EMP_LFS,Y20-64,PC_POP,CH,2012,11.4,,
ESTAT:TESEM060(1.0),11/12/25 23:00:00,A,EMP_LFS,Y20-64,PC_POP,CH,2013,10.9,,
ESTAT:TESEM060(1.0),11/12/25 23:00:00,A,EMP_LFS,Y20-64,PC_POP,CH,2014,9.8,,
ESTAT:TESEM060(1.0),11/12/25 23:00:00,A,EMP_LFS,Y20-64,PC_POP,CH,2015,9.7,,
ESTAT:TESEM060(1.0),11/12/25 23:00:00,A,EMP_LFS,Y20-64,PC_POP,CH,2016,9.0,,
ESTAT:TESEM060(1.0),11/12/25 23:00:00,A,EMP_LFS,Y20-64,PC_POP,CH,2017,9.4,,
ESTAT:TESEM060(1.0),11/12/25 23:00:00,A,EMP_LFS,Y20-64,PC_POP,CH,2018,9.1,,
ESTAT:TESEM060(1.0),11/12/25 23:00:00,A,EMP_LFS,Y20-64,PC_POP,CH,2019,8.7,,
ESTAT:TESEM060(1.0),11/12/25 23:00:00,A,EMP_LFS,Y20-64,PC_POP,CH,2020,8.3,,
ESTAT:TESEM060(1.0),11/12/25 23:00:00,A,EMP_LFS,Y20-64,PC_POP,CH,2021,7.8,,
ESTAT:TESEM060(1.0),11/12/25 23:00:00,A,EMP_LFS,Y20-64,PC_POP,CH,2022,7.9,,
ESTAT:TESEM060(1.0),11/12/25 23:00:00,A,EMP_LFS,Y20-64,PC_POP,CH,2023,7.7,,
ESTAT:TESEM060(1.0),11/12/25 23:00:00,A,EMP_LFS,Y20-64,PC_POP,CH,2024,6.9,,
ESTAT:TESEM060(1.0),11/12/25 23:00:00,A,EMP_LFS,Y20-64,PC_POP,CY,2009,14.5,,
ESTAT:TESEM060(1.0),11/12/25 23:00:00,A,EMP_LFS,Y20-64,PC_POP,CY,2010,12.9,,
ESTAT:TESEM060(1.0),11/12/25 23:00:00,A,EMP_LFS,Y20-64,PC_POP,CY,2011,11.9,,
ESTAT:TESEM060(1.0),11/12/25 23:00:00,A,EMP_LFS,Y20-64,PC_POP,CY,2012,11.3,,
ESTAT:TESEM060(1.0),11/12/25 23:00:00,A,EMP_LFS,Y20-64,PC_POP,CY,2013,10.4,,
ESTAT:TESEM060(1.0),11/12/25 23:00:00,A,EMP_LFS,Y20-64,PC_POP,CY,2014,7.7,,
ESTAT:TESEM060(1.0),11/12/25 23:00:00,A,EMP_LFS,Y20-64,PC_POP,CY,2015,8.3,,
ESTAT:TESEM060(1.0),11/12/25 23:00:00,A,EMP_LFS,Y20-64,PC_POP,CY,2016,9.7,,
ESTAT:TESEM060(1.0),11/12/25 23:00:00,A,EMP_LFS,Y20-64,PC_POP,CY,2017,9.5,,
ESTAT:TESEM060(1.0),11/12/25 23:00:00,A,EMP_LFS,Y20-64,PC_POP,CY,2018,10.4,,
ESTAT:TESEM060(1.0),11/12/25 23:00:00,A,EMP_LFS,Y20-64,PC_POP,CY,2019,10.6,,
ESTAT:TESEM060(1.0),11/12/25 23:00:00,A,EMP_LFS,Y20-64,PC_POP,CY,2020,11.6,,
ESTAT:TESEM060(1.0),11/12/25 23:00:00,A,EMP_LFS,Y20-64,PC_POP,CY,2021,11.5,,
ESTAT:TESEM060(1.0),11/12/25 23:00:00,A,EMP_LFS,Y20-64,PC_POP,CY,2022,10.9,,
ESTAT:TESEM060(1.0),11/12/25 23:00:00,A,EMP_LFS,Y20-64,PC_POP,CY,2023,9.0,,
ESTAT:TESEM060(1.0),11/12/25 23:00:00,A,EMP_LFS,Y20-64,PC_POP,CY,2024,10.0,,
ESTAT:TESEM060(1.0),11/12/25 23:00:00,A,EMP_LFS,Y20-64,PC_POP,CZ,2009,18.8,,
ESTAT:TESEM060(1.0),11/12/25 23:00:00,A,EMP_LFS,Y20-64,PC_POP,CZ,2010,18.7,,
ESTAT:TESEM060(1.0),11/12/25 23:00:00,A,EMP_LFS,Y20-64,PC_POP,CZ,2011,18.2,b,
ESTAT:TESEM060(1.0),11/12/25 23:00:00,A,EMP_LFS,Y20-64,PC_POP,CZ,2012,17.7,,
ESTAT:TESEM060(1.0),11/12/25 23:00:00,A,EMP_LFS,Y20-64,PC_POP,CZ,2013,17.2,,
ESTAT:TESEM060(1.0),11/12/25 23:00:00,A,EMP_LFS,Y20-64,PC_POP,CZ,2014,17.5,,
ESTAT:TESEM060(1.0),11/12/25 23:00:00,A,EMP_LFS,Y20-64,PC_POP,CZ,2015,16.6,,
ESTAT:TESEM060(1.0),11/12/25 23:00:00,A,EMP_LFS,Y20-64,PC_POP,CZ,2016,16.0,,
ESTAT:TESEM060(1.0),11/12/25 23:00:00,A,EMP_LFS,Y20-64,PC_POP,CZ,2017,15.8,,
ESTAT:TESEM060(1.0),11/12/25 23:00:00,A,EMP_LFS,Y20-64,PC_POP,CZ,2018,15.2,,
ESTAT:TESEM060(1.0),11/12/25 23:00:00,A,EMP_LFS,Y20-64,PC_POP,CZ,2019,15.0,,
ESTAT:TESEM060(1.0),11/12/25 23:00:00,A,EMP_LFS,Y20-64,PC_POP,CZ,2020,15.3,,
ESTAT:TESEM060(1.0),11/12/25 23:00:00,A,EMP_LFS,Y20-64,PC_POP,CZ,2021,15.4,,
ESTAT:TESEM060(1.0),11/12/25 23:00:00,A,EMP_LFS,Y20-64,PC_POP,CZ,2022,14.9,,
ESTAT:TESEM060(1.0),11/12/25 23:00:00,A,EMP_LFS,Y20-64,PC_POP,CZ,2023,13.9,,
ESTAT:TESEM060(1.0),11/12/25 23:00:00,A,EMP_LFS,Y20-64,PC_POP,CZ,2024,12.6,,
ESTAT:TESEM060(1.0),11/12/25 23:00:00,A,EMP_LFS,Y20-64,PC_POP,DE,2009,10.7,,
ESTAT:TESEM060(1.0),11/12/25 23:00:00,A,EMP_LFS,Y20-64,PC_POP,DE,2010,10.5,b,
ESTAT:TESEM060(1.0),11/12/25 23:00:00,A,EMP_LFS,Y20-64,PC_POP,DE,2011,10.3,b,
ESTAT:TESEM060(1.0),11/12/25 23:00:00,A,EMP_LFS,Y20-64,PC_POP,DE,2012,10.3,,
ESTAT:TESEM060(1.0),11/12/25 23:00:00,A,EMP_LFS,Y20-64,PC_POP,DE,2013,9.5,,
ESTAT:TESEM060(1.0),11/12/25 23:00:00,A,EMP_LFS,Y20-64,PC_POP,DE,2014,9.0,,
ESTAT:TESEM060(1.0),11/12/25 23:00:00,A,EMP_LFS,Y20-64,PC_POP,DE,2015,8.5,,
ESTAT:TESEM060(1.0),11/12/25 23:00:00,A,EMP_LFS,Y20-64,PC_POP,DE,2016,8.0,,
ESTAT:TESEM060(1.0),11/12/25 23:00:00,A,EMP_LFS,Y20-64,PC_POP,DE,2017,7.8,,
ESTAT:TESEM060(1.0),11/12/25 23:00:00,A,EMP_LFS,Y20-64,PC_POP,DE,2018,7.8,,
ESTAT:TESEM060(1.0),11/12/25 23:00:00,A,EMP_LFS,Y20-64,PC_POP,DE,2019,7.9,,
ESTAT:TESEM060(1.0),11/12/25 23:00:00,A,EMP_LFS,Y20-64,PC_POP,DE,2020,7.4,b,
ESTAT:TESEM060(1.0),11/12/25 23:00:00,A,EMP_LFS,Y20-64,PC_POP,DE,2021,7.3,,
ESTAT:TESEM060(1.0),11/12/25 23:00:00,A,EMP_LFS,Y20-64,PC_POP,DE,2022,7.5,,
ESTAT:TESEM060(1.0),11/12/25 23:00:00,A,EMP_LFS,Y20-64,PC_POP,DE,2023,7.4,,
ESTAT:TESEM060(1.0),11/12/25 23:00:00,A,EMP_LFS,Y20-64,PC_POP,DE,2024,7.1,,
ESTAT:TESEM060(1.0),11/12/25 23:00:00,A,EMP_LFS,Y20-64,PC_POP,DK,2009,6.0,,
ESTAT:TESEM060(1.0),11/12/25 23:00:00,A,EMP_LFS,Y20-64,PC_POP,DK,2010,5.7,,
ESTAT:TESEM060(1.0),11/12/25 23:00:00,A,EMP_LFS,Y20-64,PC_POP,DK,2011,6.9,,
ESTAT:TESEM060(1.0),11/12/25 23:00:00,A,EMP_LFS,Y20-64,PC_POP,DK,2012,6.4,,
ESTAT:TESEM060(1.0),11/12/25 23:00:00,A,EMP_LFS,Y20-64,PC_POP,DK,2013,6.3,,
ESTAT:TESEM060(1.0),11/12/25 23:00:00,A,EMP_LFS,Y20-64,PC_POP,DK,2014,7.4,,
ESTAT:TESEM060(1.0),11/12/25 23:00:00,A,EMP_LFS,Y20-64,PC_POP,DK,2015,7.8,,
ESTAT:TESEM060(1.0),11/12/25 23:00:00,A,EMP_LFS,Y20-64,PC_POP,DK,2016,6.9,b,
ESTAT:TESEM060(1.0),11/12/25 23:00:00,A,EMP_LFS,Y20-64,PC_POP,DK,2017,6.7,b,
ESTAT:TESEM060(1.0),11/12/25 23:00:00,A,EMP_LFS,Y20-64,PC_POP,DK,2018,7.0,,
ESTAT:TESEM060(1.0),11/12/25 23:00:00,A,EMP_LFS,Y20-64,PC_POP,DK,2019,7.2,,
ESTAT:TESEM060(1.0),11/12/25 23:00:00,A,EMP_LFS,Y20-64,PC_POP,DK,2020,7.0,,
ESTAT:TESEM060(1.0),11/12/25 23:00:00,A,EMP_LFS,Y20-64,PC_POP,DK,2021,6.9,,
ESTAT:TESEM060(1.0),11/12/25 23:00:00,A,EMP_LFS,Y20-64,PC_POP,DK,2022,5.4,,
ESTAT:TESEM060(1.0),11/12/25 23:00:00,A,EMP_LFS,Y20-64,PC_POP,DK,2023,5.6,b,
ESTAT:TESEM060(1.0),11/12/25 23:00:00,A,EMP_LFS,Y20-64,PC_POP,DK,2024,6.5,,
ESTAT:TESEM060(1.0),11/12/25 23:00:00,A,EMP_LFS,Y20-64,PC_POP,EA20,2009,13.3,,
ESTAT:TESEM060(1.0),11/12/25 23:00:00,A,EMP_LFS,Y20-64,PC_POP,EA20,2010,12.8,,
ESTAT:TESEM060(1.0),11/12/25 23:00:00,A,EMP_LFS,Y20-64,PC_POP,EA20,2011,12.4,,
ESTAT:TESEM060(1.0),11/12/25 23:00:00,A,EMP_LFS,Y20-64,PC_POP,EA20,2012,11.6,,
ESTAT:TESEM060(1.0),11/12/25 23:00:00,A,EMP_LFS,Y20-64,PC_POP,EA20,2013,10.8,,
ESTAT:TESEM060(1.0),11/12/25 23:00:00,A,EMP_LFS,Y20-64,PC_POP,EA20,2014,10.7,,
ESTAT:TESEM060(1.0),11/12/25 23:00:00,A,EMP_LFS,Y20-64,PC_POP,EA20,2015,10.8,,
ESTAT:TESEM060(1.0),11/12/25 23:00:00,A,EMP_LFS,Y20-64,PC_POP,EA20,2016,10.8,,
ESTAT:TESEM060(1.0),11/12/25 23:00:00,A,EMP_LFS,Y20-64,PC_POP,EA20,2017,10.8,,
ESTAT:TESEM060(1.0),11/12/25 23:00:00,A,EMP_LFS,Y20-64,PC_POP,EA20,2018,10.8,,
ESTAT:TESEM060(1.0),11/12/25 23:00:00,A,EMP_LFS,Y20-64,PC_POP,EA20,2019,10.5,,
ESTAT:TESEM060(1.0),11/12/25 23:00:00,A,EMP_LFS,Y20-64,PC_POP,EA20,2020,10.3,,
ESTAT:TESEM060(1.0),11/12/25 23:00:00,A,EMP_LFS,Y20-64,PC_POP,EA20,2021,10.1,,
ESTAT:TESEM060(1.0),11/12/25 23:00:00,A,EMP_LFS,Y20-64,PC_POP,EA20,2022,10.2,,
ESTAT:TESEM060(1.0),11/12/25 23:00:00,A,EMP_LFS,Y20-64,PC_POP,EA20,2023,9.7,,
ESTAT:TESEM060(1.0),11/12/25 23:00:00,A,EMP_LFS,Y20-64,PC_POP,EA20,2024,9.6,,
ESTAT:TESEM060(1.0),11/12/25 23:00:00,A,EMP_LFS,Y20-64,PC_POP,EE,2009,1.1,,
ESTAT:TESEM060(1.0),11/12/25 23:00:00,A,EMP_LFS,Y20-64,PC_POP,EE,2010,0.5,,
ESTAT:TESEM060(1.0),11/12/25 23:00:00,A,EMP_LFS,Y20-64,PC_POP,EE,2011,4.9,,
ESTAT:TESEM060(1.0),11/12/25 23:00:00,A,EMP_LFS,Y20-64,PC_POP,EE,2012,4.1,,
ESTAT:TESEM060(1.0),11/12/25 23:00:00,A,EMP_LFS,Y20-64,PC_POP,EE,2013,5.2,,
ESTAT:TESEM060(1.0),11/12/25 23:00:00,A,EMP_LFS,Y20-64,PC_POP,EE,2014,6.5,,
ESTAT:TESEM060(1.0),11/12/25 23:00:00,A,EMP_LFS,Y20-64,PC_POP,EE,2015,6.3,,
ESTAT:TESEM060(1.0),11/12/25 23:00:00,A,EMP_LFS,Y20-64,PC_POP,EE,2016,6.8,,
ESTAT:TESEM060(1.0),11/12/25 23:00:00,A,EMP_LFS,Y20-64,PC_POP,EE,2017,4.9,,
ESTAT:TESEM060(1.0),11/12/25 23:00:00,A,EMP_LFS,Y20-64,PC_POP,EE,2018,6.0,,
ESTAT:TESEM060(1.0),11/12/25 23:00:00,A,EMP_LFS,Y20-64,PC_POP,EE,2019,6.0,,
ESTAT:TESEM060(1.0),11/12/25 23:00:00,A,EMP_LFS,Y20-64,PC_POP,EE,2020,4.4,,
ESTAT:TESEM060(1.0),11/12/25 23:00:00,A,EMP_LFS,Y20-64,PC_POP,EE,2021,3.7,,
ESTAT:TESEM060(1.0),11/12/25 23:00:00,A,EMP_LFS,Y20-64,PC_POP,EE,2022,2.9,,
ESTAT:TESEM060(1.0),11/12/25 23:00:00,A,EMP_LFS,Y20-64,PC_POP,EE,2023,2.4,,
ESTAT:TESEM060(1.0),11/12/25 23:00:00,A,EMP_LFS,Y20-64,PC_POP,EE,2024,1.7,,
ESTAT:TESEM060(1.0),11/12/25 23:00:00,A,EMP_LFS,Y20-64,PC_POP,EL,2009,26.2,,
ESTAT:TESEM060(1.0),11/12/25 23:00:00,A,EMP_LFS,Y20-64,PC_POP,EL,2010,24.8,,
ESTAT:TESEM060(1.0),11/12/25 23:00:00,A,EMP_LFS,Y20-64,PC_POP,EL,2011,22.7,,
ESTAT:TESEM060(1.0),11/12/25 23:00:00,A,EMP_LFS,Y20-64,PC_POP,EL,2012,20.1,,
ESTAT:TESEM060(1.0),11/12/25 23:00:00,A,EMP_LFS,Y20-64,PC_POP,EL,2013,19.5,,
ESTAT:TESEM060(1.0),11/12/25 23:00:00,A,EMP_LFS,Y20-64,PC_POP,EL,2014,18.8,,
ESTAT:TESEM060(1.0),11/12/25 23:00:00,A,EMP_LFS,Y20-64,PC_POP,EL,2015,18.6,,
ESTAT:TESEM060(1.0),11/12/25 23:00:00,A,EMP_LFS,Y20-64,PC_POP,EL,2016,19.5,,
ESTAT:TESEM060(1.0),11/12/25 23:00:00,A,EMP_LFS,Y20-64,PC_POP,EL,2017,20.2,,
ESTAT:TESEM060(1.0),11/12/25 23:00:00,A,EMP_LFS,Y20-64,PC_POP,EL,2018,21.6,,
ESTAT:TESEM060(1.0),11/12/25 23:00:00,A,EMP_LFS,Y20-64,PC_POP,EL,2019,20.7,,
ESTAT:TESEM060(1.0),11/12/25 23:00:00,A,EMP_LFS,Y20-64,PC_POP,EL,2020,19.4,,
ESTAT:TESEM060(1.0),11/12/25 23:00:00,A,EMP_LFS,Y20-64,PC_POP,EL,2021,19.8,,
ESTAT:TESEM060(1.0),11/12/25 23:00:00,A,EMP_LFS,Y20-64,PC_POP,EL,2022,21.0,,
ESTAT:TESEM060(1.0),11/12/25 23:00:00,A,EMP_LFS,Y20-64,PC_POP,EL,2023,19.8,,
ESTAT:TESEM060(1.0),11/12/25 23:00:00,A,EMP_LFS,Y20-64,PC_POP,EL,2024,18.8,,
ESTAT:TESEM060(1.0),11/12/25 23:00:00,A,EMP_LFS,Y20-64,PC_POP,ES,2009,14.2,,
ESTAT:TESEM060(1.0),11/12/25 23:00:00,A,EMP_LFS,Y20-64,PC_POP,ES,2010,12.9,,
ESTAT:TESEM060(1.0),11/12/25 23:00:00,A,EMP_LFS,Y20-64,PC_POP,ES,2011,11.6,,
ESTAT:TESEM060(1.0),11/12/25 23:00:00,A,EMP_LFS,Y20-64,PC_POP,ES,2012,10.0,,
ESTAT:TESEM060(1.0),11/12/25 23:00:00,A,EMP_LFS,Y20-64,PC_POP,ES,2013,9.6,,
ESTAT:TESEM060(1.0),11/12/25 23:00:00,A,EMP_LFS,Y20-64,PC_POP,ES,2014,10.2,,
ESTAT:TESEM060(1.0),11/12/25 23:00:00,A,EMP_LFS,Y20-64,PC_POP,ES,2015,11.2,,
ESTAT:TESEM060(1.0),11/12/25 23:00:00,A,EMP_LFS,Y20-64,PC_POP,ES,2016,11.5,,
ESTAT:TESEM060(1.0),11/12/25 23:00:00,A,EMP_LFS,Y20-64,PC_POP,ES,2017,11.9,,
ESTAT:TESEM060(1.0),11/12/25 23:00:00,A,EMP_LFS,Y20-64,PC_POP,ES,2018,12.1,,
ESTAT:TESEM060(1.0),11/12/25 23:00:00,A,EMP_LFS,Y20-64,PC_POP,ES,2019,11.9,,
ESTAT:TESEM060(1.0),11/12/25 23:00:00,A,EMP_LFS,Y20-64,PC_POP,ES,2020,11.4,,
ESTAT:TESEM060(1.0),11/12/25 23:00:00,A,EMP_LFS,Y20-64,PC_POP,ES,2021,10.8,d,
ESTAT:TESEM060(1.0),11/12/25 23:00:00,A,EMP_LFS,Y20-64,PC_POP,ES,2022,11.2,d,
ESTAT:TESEM060(1.0),11/12/25 23:00:00,A,EMP_LFS,Y20-64,PC_POP,ES,2023,10.3,d,
ESTAT:TESEM060(1.0),11/12/25 23:00:00,A,EMP_LFS,Y20-64,PC_POP,ES,2024,9.8,d,
ESTAT:TESEM060(1.0),11/12/25 23:00:00,A,EMP_LFS,Y20-64,PC_POP,EU27_2020,2009,13.4,,
ESTAT:TESEM060(1.0),11/12/25 23:00:00,A,EMP_LFS,Y20-64,PC_POP,EU27_2020,2010,12.7,,
ESTAT:TESEM060(1.0),11/12/25 23:00:00,A,EMP_LFS,Y20-64,PC_POP,EU27_2020,2011,12.5,,
ESTAT:TESEM060(1.0),11/12/25 23:00:00,A,EMP_LFS,Y20-64,PC_POP,EU27_2020,2012,11.8,,
ESTAT:TESEM060(1.0),11/12/25 23:00:00,A,EMP_LFS,Y20-64,PC_POP,EU27_2020,2013,11.2,,
ESTAT:TESEM060(1.0),11/12/25 23:00:00,A,EMP_LFS,Y20-64,PC_POP,EU27_2020,2014,11.1,,
ESTAT:TESEM060(1.0),11/12/25 23:00:00,A,EMP_LFS,Y20-64,PC_POP,EU27_2020,2015,11.1,,
ESTAT:TESEM060(1.0),11/12/25 23:00:00,A,EMP_LFS,Y20-64,PC_POP,EU27_2020,2016,11.1,,
ESTAT:TESEM060(1.0),11/12/25 23:00:00,A,EMP_LFS,Y20-64,PC_POP,EU27_2020,2017,11.2,,
ESTAT:TESEM060(1.0),11/12/25 23:00:00,A,EMP_LFS,Y20-64,PC_POP,EU27_2020,2018,11.3,,
ESTAT:TESEM060(1.0),11/12/25 23:00:00,A,EMP_LFS,Y20-64,PC_POP,EU27_2020,2019,11.3,,
ESTAT:TESEM060(1.0),11/12/25 23:00:00,A,EMP_LFS,Y20-64,PC_POP,EU27_2020,2020,11.0,,
ESTAT:TESEM060(1.0),11/12/25 23:00:00,A,EMP_LFS,Y20-64,PC_POP,EU27_2020,2021,10.9,,
ESTAT:TESEM060(1.0),11/12/25 23:00:00,A,EMP_LFS,Y20-64,PC_POP,EU27_2020,2022,10.6,,
ESTAT:TESEM060(1.0),11/12/25 23:00:00,A,EMP_LFS,Y20-64,PC_POP,EU27_2020,2023,10.2,,
ESTAT:TESEM060(1.0),11/12/25 23:00:00,A,EMP_LFS,Y20-64,PC_POP,EU27_2020,2024,10.0,,
ESTAT:TESEM060(1.0),11/12/25 23:00:00,A,EMP_LFS,Y20-64,PC_POP,FI,2009,2.2,,
ESTAT:TESEM060(1.0),11/12/25 23:00:00,A,EMP_LFS,Y20-64,PC_POP,FI,2010,3.1,,
ESTAT:TESEM060(1.0),11/12/25 23:00:00,A,EMP_LFS,Y20-64,PC_POP,FI,2011,3.9,,
ESTAT:TESEM060(1.0),11/12/25 23:00:00,A,EMP_LFS,Y20-64,PC_POP,FI,2012,3.3,,
ESTAT:TESEM060(1.0),11/12/25 23:00:00,A,EMP_LFS,Y20-64,PC_POP,FI,2013,2.9,,
ESTAT:TESEM060(1.0),11/12/25 23:00:00,A,EMP_LFS,Y20-64,PC_POP,FI,2014,2.0,,
ESTAT:TESEM060(1.0),11/12/25 23:00:00,A,EMP_LFS,Y20-64,PC_POP,FI,2015,2.1,,
ESTAT:TESEM060(1.0),11/12/25 23:00:00,A,EMP_LFS,Y20-64,PC_POP,FI,2016,3.2,,
ESTAT:TESEM060(1.0),11/12/25 23:00:00,A,EMP_LFS,Y20-64,PC_POP,FI,2017,3.8,,
ESTAT:TESEM060(1.0),11/12/25 23:00:00,A,EMP_LFS,Y20-64,PC_POP,FI,2018,3.8,,
ESTAT:TESEM060(1.0),11/12/25 23:00:00,A,EMP_LFS,Y20-64,PC_POP,FI,2019,3.3,,
ESTAT:TESEM060(1.0),11/12/25 23:00:00,A,EMP_LFS,Y20-64,PC_POP,FI,2020,3.3,,
ESTAT:TESEM060(1.0),11/12/25 23:00:00,A,EMP_LFS,Y20-64,PC_POP,FI,2021,2.0,,
ESTAT:TESEM060(1.0),11/12/25 23:00:00,A,EMP_LFS,Y20-64,PC_POP,FI,2022,1.2,,
ESTAT:TESEM060(1.0),11/12/25 23:00:00,A,EMP_LFS,Y20-64,PC_POP,FI,2023,0.2,,
ESTAT:TESEM060(1.0),11/12/25 23:00:00,A,EMP_LFS,Y20-64,PC_POP,FI,2024,0.7,,
ESTAT:TESEM060(1.0),11/12/25 23:00:00,A,EMP_LFS,Y20-64,PC_POP,FR,2005,10.2,,
ESTAT:TESEM060(1.0),11/12/25 23:00:00,A,EMP_LFS,Y20-64,PC_POP,FR,2006,9.7,,
ESTAT:TESEM060(1.0),11/12/25 23:00:00,A,EMP_LFS,Y20-64,PC_POP,FR,2007,8.8,,
ESTAT:TESEM060(1.0),11/12/25 23:00:00,A,EMP_LFS,Y20-64,PC_POP,FR,2008,8.7,,
ESTAT:TESEM060(1.0),11/12/25 23:00:00,A,EMP_LFS,Y20-64,PC_POP,FR,2009,8.0,,
ESTAT:TESEM060(1.0),11/12/25 23:00:00,A,EMP_LFS,Y20-64,PC_POP,FR,2010,7.9,,
ESTAT:TESEM060(1.0),11/12/25 23:00:00,A,EMP_LFS,Y20-64,PC_POP,FR,2011,8.1,,
ESTAT:TESEM060(1.0),11/12/25 23:00:00,A,EMP_LFS,Y20-64,PC_POP,FR,2012,7.6,,
ESTAT:TESEM060(1.0),11/12/25 23:00:00,A,EMP_LFS,Y20-64,PC_POP,FR,2013,6.9,,
ESTAT:TESEM060(1.0),11/12/25 23:00:00,A,EMP_LFS,Y20-64,PC_POP,FR,2014,6.1,,
ESTAT:TESEM060(1.0),11/12/25 23:00:00,A,EMP_LFS,Y20-64,PC_POP,FR,2015,5.9,,
ESTAT:TESEM060(1.0),11/12/25 23:00:00,A,EMP_LFS,Y20-64,PC_POP,FR,2016,6.1,,
ESTAT:TESEM060(1.0),11/12/25 23:00:00,A,EMP_LFS,Y20-64,PC_POP,FR,2017,6.6,,
ESTAT:TESEM060(1.0),11/12/25 23:00:00,A,EMP_LFS,Y20-64,PC_POP,FR,2018,6.4,,
ESTAT:TESEM060(1.0),11/12/25 23:00:00,A,EMP_LFS,Y20-64,PC_POP,FR,2019,5.9,,
ESTAT:TESEM060(1.0),11/12/25 23:00:00,A,EMP_LFS,Y20-64,PC_POP,FR,2020,5.7,,
ESTAT:TESEM060(1.0),11/12/25 23:00:00,A,EMP_LFS,Y20-64,PC_POP,FR,2021,6.2,d,
ESTAT:TESEM060(1.0),11/12/25 23:00:00,A,EMP_LFS,Y20-64,PC_POP,FR,2022,5.8,d,
ESTAT:TESEM060(1.0),11/12/25 23:00:00,A,EMP_LFS,Y20-64,PC_POP,FR,2023,5.5,d,
ESTAT:TESEM060(1.0),11/12/25 23:00:00,A,EMP_LFS,Y20-64,PC_POP,FR,2024,5.9,d,
ESTAT:TESEM060(1.0),11/12/25 23:00:00,A,EMP_LFS,Y20-64,PC_POP,HR,2009,12.5,,
ESTAT:TESEM060(1.0),11/12/25 23:00:00,A,EMP_LFS,Y20-64,PC_POP,HR,2010,11.5,,
ESTAT:TESEM060(1.0),11/12/25 23:00:00,A,EMP_LFS,Y20-64,PC_POP,HR,2011,12.5,,
ESTAT:TESEM060(1.0),11/12/25 23:00:00,A,EMP_LFS,Y20-64,PC_POP,HR,2012,11.0,b,
ESTAT:TESEM060(1.0),11/12/25 23:00:00,A,EMP_LFS,Y20-64,PC_POP,HR,2013,8.8,,
ESTAT:TESEM060(1.0),11/12/25 23:00:00,A,EMP_LFS,Y20-64,PC_POP,HR,2014,10.0,,
ESTAT:TESEM060(1.0),11/12/25 23:00:00,A,EMP_LFS,Y20-64,PC_POP,HR,2015,9.5,,
ESTAT:TESEM060(1.0),11/12/25 23:00:00,A,EMP_LFS,Y20-64,PC_POP,HR,2016,9.7,,
ESTAT:TESEM060(1.0),11/12/25 23:00:00,A,EMP_LFS,Y20-64,PC_POP,HR,2017,10.5,,
ESTAT:TESEM060(1.0),11/12/25 23:00:00,A,EMP_LFS,Y20-64,PC_POP,HR,2018,10.5,,
ESTAT:TESEM060(1.0),11/12/25 23:00:00,A,EMP_LFS,Y20-64,PC_POP,HR,2019,10.5,,
ESTAT:TESEM060(1.0),11/12/25 23:00:00,A,EMP_LFS,Y20-64,PC_POP,HR,2020,11.2,,
ESTAT:TESEM060(1.0),11/12/25 23:00:00,A,EMP_LFS,Y20-64,PC_POP,HR,2021,10.4,,
ESTAT:TESEM060(1.0),11/12/25 23:00:00,A,EMP_LFS,Y20-64,PC_POP,HR,2022,9.4,,
ESTAT:TESEM060(1.0),11/12/25 23:00:00,A,EMP_LFS,Y20-64,PC_POP,HR,2023,7.7,,
ESTAT:TESEM060(1.0),11/12/25 23:00:00,A,EMP_LFS,Y20-64,PC_POP,HR,2024,5.9,,
ESTAT:TESEM060(1.0),11/12/25 23:00:00,A,EMP_LFS,Y20-64,PC_POP,HU,2009,7.9,,
ESTAT:TESEM060(1.0),11/12/25 23:00:00,A,EMP_LFS,Y20-64,PC_POP,HU,2010,6.6,,
ESTAT:TESEM060(1.0),11/12/25 23:00:00,A,EMP_LFS,Y20-64,PC_POP,HU,2011,7.3,,
ESTAT:TESEM060(1.0),11/12/25 23:00:00,A,EMP_LFS,Y20-64,PC_POP,HU,2012,6.9,,
ESTAT:TESEM060(1.0),11/12/25 23:00:00,A,EMP_LFS,Y20-64,PC_POP,HU,2013,8.1,,
ESTAT:TESEM060(1.0),11/12/25 23:00:00,A,EMP_LFS,Y20-64,PC_POP,HU,2014,9.4,,
ESTAT:TESEM060(1.0),11/12/25 23:00:00,A,EMP_LFS,Y20-64,PC_POP,HU,2015,9.6,,
ESTAT:TESEM060(1.0),11/12/25 23:00:00,A,EMP_LFS,Y20-64,PC_POP,HU,2016,9.7,,
ESTAT:TESEM060(1.0),11/12/25 23:00:00,A,EMP_LFS,Y20-64,PC_POP,HU,2017,11.1,,
ESTAT:TESEM060(1.0),11/12/25 23:00:00,A,EMP_LFS,Y20-64,PC_POP,HU,2018,10.8,b,
ESTAT:TESEM060(1.0),11/12/25 23:00:00,A,EMP_LFS,Y20-64,PC_POP,HU,2019,11.1,,
ESTAT:TESEM060(1.0),11/12/25 23:00:00,A,EMP_LFS,Y20-64,PC_POP,HU,2020,11.2,,
ESTAT:TESEM060(1.0),11/12/25 23:00:00,A,EMP_LFS,Y20-64,PC_POP,HU,2021,10.6,,
ESTAT:TESEM060(1.0),11/12/25 23:00:00,A,EMP_LFS,Y20-64,PC_POP,HU,2022,9.8,,
ESTAT:TESEM060(1.0),11/12/25 23:00:00,A,EMP_LFS,Y20-64,PC_POP,HU,2023,9.1,,
ESTAT:TESEM060(1.0),11/12/25 23:00:00,A,EMP_LFS,Y20-64,PC_POP,HU,2024,7.9,,
ESTAT:TESEM060(1.0),11/12/25 23:00:00,A,EMP_LFS,Y20-64,PC_POP,IE,2009,10.4,,
ESTAT:TESEM060(1.0),11/12/25 23:00:00,A,EMP_LFS,Y20-64,PC_POP,IE,2010,9.0,,
ESTAT:TESEM060(1.0),11/12/25 23:00:00,A,EMP_LFS,Y20-64,PC_POP,IE,2011,8.9,,
ESTAT:TESEM060(1.0),11/12/25 23:00:00,A,EMP_LFS,Y20-64,PC_POP,IE,2012,8.6,,
ESTAT:TESEM060(1.0),11/12/25 23:00:00,A,EMP_LFS,Y20-64,PC_POP,IE,2013,10.6,,
ESTAT:TESEM060(1.0),11/12/25 23:00:00,A,EMP_LFS,Y20-64,PC_POP,IE,2014,11.8,,
ESTAT:TESEM060(1.0),11/12/25 23:00:00,A,EMP_LFS,Y20-64,PC_POP,IE,2015,12.4,,
ESTAT:TESEM060(1.0),11/12/25 23:00:00,A,EMP_LFS,Y20-64,PC_POP,IE,2016,12.2,,
ESTAT:TESEM060(1.0),11/12/25 23:00:00,A,EMP_LFS,Y20-64,PC_POP,IE,2017,12.2,,
ESTAT:TESEM060(1.0),11/12/25 23:00:00,A,EMP_LFS,Y20-64,PC_POP,IE,2018,12.3,,
ESTAT:TESEM060(1.0),11/12/25 23:00:00,A,EMP_LFS,Y20-64,PC_POP,IE,2019,12.5,,
ESTAT:TESEM060(1.0),11/12/25 23:00:00,A,EMP_LFS,Y20-64,PC_POP,IE,2020,12.7,,
ESTAT:TESEM060(1.0),11/12/25 23:00:00,A,EMP_LFS,Y20-64,PC_POP,IE,2021,10.1,b,
ESTAT:TESEM060(1.0),11/12/25 23:00:00,A,EMP_LFS,Y20-64,PC_POP,IE,2022,11.4,,
ESTAT:TESEM060(1.0),11/12/25 23:00:00,A,EMP_LFS,Y20-64,PC_POP,IE,2023,9.9,,
ESTAT:TESEM060(1.0),11/12/25 23:00:00,A,EMP_LFS,Y20-64,PC_POP,IE,2024,9.3,,
ESTAT:TESEM060(1.0),11/12/25 23:00:00,A,EMP_LFS,Y20-64,PC_POP,IS,2009,5.4,,
ESTAT:TESEM060(1.0),11/12/25 23:00:00,A,EMP_LFS,Y20-64,PC_POP,IS,2010,5.5,,
ESTAT:TESEM060(1.0),11/12/25 23:00:00,A,EMP_LFS,Y20-64,PC_POP,IS,2011,5.4,,
ESTAT:TESEM060(1.0),11/12/25 23:00:00,A,EMP_LFS,Y20-64,PC_POP,IS,2012,5.3,,
ESTAT:TESEM060(1.0),11/12/25 23:00:00,A,EMP_LFS,Y20-64,PC_POP,IS,2013,6.5,,
ESTAT:TESEM060(1.0),11/12/25 23:00:00,A,EMP_LFS,Y20-64,PC_POP,IS,2014,6.3,,
ESTAT:TESEM060(1.0),11/12/25 23:00:00,A,EMP_LFS,Y20-64,PC_POP,IS,2015,6.3,,
ESTAT:TESEM060(1.0),11/12/25 23:00:00,A,EMP_LFS,Y20-64,PC_POP,IS,2016,6.7,,
ESTAT:TESEM060(1.0),11/12/25 23:00:00,A,EMP_LFS,Y20-64,PC_POP,IS,2017,6.0,,
ESTAT:TESEM060(1.0),11/12/25 23:00:00,A,EMP_LFS,Y20-64,PC_POP,IS,2018,6.3,,
ESTAT:TESEM060(1.0),11/12/25 23:00:00,A,EMP_LFS,Y20-64,PC_POP,IS,2019,5.6,,
ESTAT:TESEM060(1.0),11/12/25 23:00:00,A,EMP_LFS,Y20-64,PC_POP,IS,2020,5.9,b,
ESTAT:TESEM060(1.0),11/12/25 23:00:00,A,EMP_LFS,Y20-64,PC_POP,IS,2021,7.4,,
ESTAT:TESEM060(1.0),11/12/25 23:00:00,A,EMP_LFS,Y20-64,PC_POP,IS,2022,5.2,,
ESTAT:TESEM060(1.0),11/12/25 23:00:00,A,EMP_LFS,Y20-64,PC_POP,IS,2023,6.1,,
ESTAT:TESEM060(1.0),11/12/25 23:00:00,A,EMP_LFS,Y20-64,PC_POP,IS,2024,6.8,,
ESTAT:TESEM060(1.0),11/12/25 23:00:00,A,EMP_LFS,Y20-64,PC_POP,IT,2009,23.4,,
ESTAT:TESEM060(1.0),11/12/25 23:00:00,A,EMP_LFS,Y20-64,PC_POP,IT,2010,22.7,,
ESTAT:TESEM060(1.0),11/12/25 23:00:00,A,EMP_LFS,Y20-64,PC_POP,IT,2011,22.1,,
ESTAT:TESEM060(1.0),11/12/25 23:00:00,A,EMP_LFS,Y20-64,PC_POP,IT,2012,20.5,,
ESTAT:TESEM060(1.0),11/12/25 23:00:00,A,EMP_LFS,Y20-64,PC_POP,IT,2013,19.2,,
ESTAT:TESEM060(1.0),11/12/25 23:00:00,A,EMP_LFS,Y20-64,PC_POP,IT,2014,18.9,,
ESTAT:TESEM060(1.0),11/12/25 23:00:00,A,EMP_LFS,Y20-64,PC_POP,IT,2015,19.7,,
ESTAT:TESEM060(1.0),11/12/25 23:00:00,A,EMP_LFS,Y20-64,PC_POP,IT,2016,19.9,,
ESTAT:TESEM060(1.0),11/12/25 23:00:00,A,EMP_LFS,Y20-64,PC_POP,IT,2017,19.7,,
ESTAT:TESEM060(1.0),11/12/25 23:00:00,A,EMP_LFS,Y20-64,PC_POP,IT,2018,19.7,b,
ESTAT:TESEM060(1.0),11/12/25 23:00:00,A,EMP_LFS,Y20-64,PC_POP,IT,2019,19.4,,
ESTAT:TESEM060(1.0),11/12/25 23:00:00,A,EMP_LFS,Y20-64,PC_POP,IT,2020,19.7,,
ESTAT:TESEM060(1.0),11/12/25 23:00:00,A,EMP_LFS,Y20-64,PC_POP,IT,2021,19.2,,
ESTAT:TESEM060(1.0),11/12/25 23:00:00,A,EMP_LFS,Y20-64,PC_POP,IT,2022,19.7,,
ESTAT:TESEM060(1.0),11/12/25 23:00:00,A,EMP_LFS,Y20-64,PC_POP,IT,2023,19.5,,
ESTAT:TESEM060(1.0),11/12/25 23:00:00,A,EMP_LFS,Y20-64,PC_POP,IT,2024,19.4,,
ESTAT:TESEM060(1.0),11/12/25 23:00:00,A,EMP_LFS,Y20-64,PC_POP,LT,2009,-0.4,,
ESTAT:TESEM060(1.0),11/12/25 23:00:00,A,EMP_LFS,Y20-64,PC_POP,LT,2010,-1.5,,
ESTAT:TESEM060(1.0),11/12/25 23:00:00,A,EMP_LFS,Y20-64,PC_POP,LT,2011,0.6,,
ESTAT:TESEM060(1.0),11/12/25 23:00:00,A,EMP_LFS,Y20-64,PC_POP,LT,2012,1.2,,
ESTAT:TESEM060(1.0),11/12/25 23:00:00,A,EMP_LFS,Y20-64,PC_POP,LT,2013,2.6,,
ESTAT:TESEM060(1.0),11/12/25 23:00:00,A,EMP_LFS,Y20-64,PC_POP,LT,2014,2.5,,
ESTAT:TESEM060(1.0),11/12/25 23:00:00,A,EMP_LFS,Y20-64,PC_POP,LT,2015,2.4,,
ESTAT:TESEM060(1.0),11/12/25 23:00:00,A,EMP_LFS,Y20-64,PC_POP,LT,2016,1.9,,
ESTAT:TESEM060(1.0),11/12/25 23:00:00,A,EMP_LFS,Y20-64,PC_POP,LT,2017,1.0,,
ESTAT:TESEM060(1.0),11/12/25 23:00:00,A,EMP_LFS,Y20-64,PC_POP,LT,2018,2.3,,
ESTAT:TESEM060(1.0),11/12/25 23:00:00,A,EMP_LFS,Y20-64,PC_POP,LT,2019,1.6,,
ESTAT:TESEM060(1.0),11/12/25 23:00:00,A,EMP_LFS,Y20-64,PC_POP,LT,2020,1.7,,
ESTAT:TESEM060(1.0),11/12/25 23:00:00,A,EMP_LFS,Y20-64,PC_POP,LT,2021,1.4,,
ESTAT:TESEM060(1.0),11/12/25 23:00:00,A,EMP_LFS,Y20-64,PC_POP,LT,2022,0.8,,
ESTAT:TESEM060(1.0),11/12/25 23:00:00,A,EMP_LFS,Y20-64,PC_POP,LT,2023,1.5,,
ESTAT:TESEM060(1.0),11/12/25 23:00:00,A,EMP_LFS,Y20-64,PC_POP,LT,2024,1.4,,
ESTAT:TESEM060(1.0),11/12/25 23:00:00,A,EMP_LFS,Y20-64,PC_POP,LU,2009,17.5,,
ESTAT:TESEM060(1.0),11/12/25 23:00:00,A,EMP_LFS,Y20-64,PC_POP,LU,2010,17.2,,
ESTAT:TESEM060(1.0),11/12/25 23:00:00,A,EMP_LFS,Y20-64,PC_POP,LU,2011,16.2,,
ESTAT:TESEM060(1.0),11/12/25 23:00:00,A,EMP_LFS,Y20-64,PC_POP,LU,2012,14.4,,
ESTAT:TESEM060(1.0),11/12/25 23:00:00,A,EMP_LFS,Y20-64,PC_POP,LU,2013,14.1,,
ESTAT:TESEM060(1.0),11/12/25 23:00:00,A,EMP_LFS,Y20-64,PC_POP,LU,2014,12.9,,
ESTAT:TESEM060(1.0),11/12/25 23:00:00,A,EMP_LFS,Y20-64,PC_POP,LU,2015,11.7,b,
ESTAT:TESEM060(1.0),11/12/25 23:00:00,A,EMP_LFS,Y20-64,PC_POP,LU,2016,11.0,,
ESTAT:TESEM060(1.0),11/12/25 23:00:00,A,EMP_LFS,Y20-64,PC_POP,LU,2017,7.9,,
ESTAT:TESEM060(1.0),11/12/25 23:00:00,A,EMP_LFS,Y20-64,PC_POP,LU,2018,8.0,,
ESTAT:TESEM060(1.0),11/12/25 23:00:00,A,EMP_LFS,Y20-64,PC_POP,LU,2019,9.1,,
ESTAT:TESEM060(1.0),11/12/25 23:00:00,A,EMP_LFS,Y20-64,PC_POP,LU,2020,7.1,,
ESTAT:TESEM060(1.0),11/12/25 23:00:00,A,EMP_LFS,Y20-64,PC_POP,LU,2021,7.4,,
ESTAT:TESEM060(1.0),11/12/25 23:00:00,A,EMP_LFS,Y20-64,PC_POP,LU,2022,6.5,,
ESTAT:TESEM060(1.0),11/12/25 23:00:00,A,EMP_LFS,Y20-64,PC_POP,LU,2023,6.8,,
ESTAT:TESEM060(1.0),11/12/25 23:00:00,A,EMP_LFS,Y20-64,PC_POP,LU,2024,5.5,,
ESTAT:TESEM060(1.0),11/12/25 23:00:00,A,EMP_LFS,Y20-64,PC_POP,LV,2009,0.2,,
ESTAT:TESEM060(1.0),11/12/25 23:00:00,A,EMP_LFS,Y20-64,PC_POP,LV,2010,-0.6,,
ESTAT:TESEM060(1.0),11/12/25 23:00:00,A,EMP_LFS,Y20-64,PC_POP,LV,2011,2.0,,
ESTAT:TESEM060(1.0),11/12/25 23:00:00,A,EMP_LFS,Y20-64,PC_POP,LV,2012,3.6,,
ESTAT:TESEM060(1.0),11/12/25 23:00:00,A,EMP_LFS,Y20-64,PC_POP,LV,2013,4.2,,
ESTAT:TESEM060(1.0),11/12/25 23:00:00,A,EMP_LFS,Y20-64,PC_POP,LV,2014,4.5,,
ESTAT:TESEM060(1.0),11/12/25 23:00:00,A,EMP_LFS,Y20-64,PC_POP,LV,2015,4.1,,
ESTAT:TESEM060(1.0),11/12/25 23:00:00,A,EMP_LFS,Y20-64,PC_POP,LV,2016,2.8,,
ESTAT:TESEM060(1.0),11/12/25 23:00:00,A,EMP_LFS,Y20-64,PC_POP,LV,2017,4.3,,
ESTAT:TESEM060(1.0),11/12/25 23:00:00,A,EMP_LFS,Y20-64,PC_POP,LV,2018,4.3,,
ESTAT:TESEM060(1.0),11/12/25 23:00:00,A,EMP_LFS,Y20-64,PC_POP,LV,2019,3.7,,
ESTAT:TESEM060(1.0),11/12/25 23:00:00,A,EMP_LFS,Y20-64,PC_POP,LV,2020,3.7,,
ESTAT:TESEM060(1.0),11/12/25 23:00:00,A,EMP_LFS,Y20-64,PC_POP,LV,2021,4.8,,
ESTAT:TESEM060(1.0),11/12/25 23:00:00,A,EMP_LFS,Y20-64,PC_POP,LV,2022,3.1,,
ESTAT:TESEM060(1.0),11/12/25 23:00:00,A,EMP_LFS,Y20-64,PC_POP,LV,2023,3.1,,
ESTAT:TESEM060(1.0),11/12/25 23:00:00,A,EMP_LFS,Y20-64,PC_POP,LV,2024,3.3,,
ESTAT:TESEM060(1.0),11/12/25 23:00:00,A,EMP_LFS,Y20-64,PC_POP,ME,2011,12.6,,
ESTAT:TESEM060(1.0),11/12/25 23:00:00,A,EMP_LFS,Y20-64,PC_POP,ME,2012,11.7,,
ESTAT:TESEM060(1.0),11/12/25 23:00:00,A,EMP_LFS,Y20-64,PC_POP,ME,2013,10.6,,
ESTAT:TESEM060(1.0),11/12/25 23:00:00,A,EMP_LFS,Y20-64,PC_POP,ME,2014,11.7,,
ESTAT:TESEM060(1.0),11/12/25 23:00:00,A,EMP_LFS,Y20-64,PC_POP,ME,2015,10.3,,
ESTAT:TESEM060(1.0),11/12/25 23:00:00,A,EMP_LFS,Y20-64,PC_POP,ME,2016,11.7,,
ESTAT:TESEM060(1.0),11/12/25 23:00:00,A,EMP_LFS,Y20-64,PC_POP,ME,2017,13.8,,
ESTAT:TESEM060(1.0),11/12/25 23:00:00,A,EMP_LFS,Y20-64,PC_POP,ME,2018,13.8,,
ESTAT:TESEM060(1.0),11/12/25 23:00:00,A,EMP_LFS,Y20-64,PC_POP,ME,2019,13.3,,
ESTAT:TESEM060(1.0),11/12/25 23:00:00,A,EMP_LFS,Y20-64,PC_POP,ME,2020,12.9,,
ESTAT:TESEM060(1.0),11/12/25 23:00:00,A,EMP_LFS,Y20-64,PC_POP,MK,2009,21.3,,
ESTAT:TESEM060(1.0),11/12/25 23:00:00,A,EMP_LFS,Y20-64,PC_POP,MK,2010,20.9,,
ESTAT:TESEM060(1.0),11/12/25 23:00:00,A,EMP_LFS,Y20-64,PC_POP,MK,2011,19.0,,
ESTAT:TESEM060(1.0),11/12/25 23:00:00,A,EMP_LFS,Y20-64,PC_POP,MK,2012,18.8,,
ESTAT:TESEM060(1.0),11/12/25 23:00:00,A,EMP_LFS,Y20-64,PC_POP,MK,2013,19.0,,
ESTAT:TESEM060(1.0),11/12/25 23:00:00,A,EMP_LFS,Y20-64,PC_POP,MK,2014,20.8,,
ESTAT:TESEM060(1.0),11/12/25 23:00:00,A,EMP_LFS,Y20-64,PC_POP,MK,2015,19.4,,
ESTAT:TESEM060(1.0),11/12/25 23:00:00,A,EMP_LFS,Y20-64,PC_POP,MK,2016,21.2,,
ESTAT:TESEM060(1.0),11/12/25 23:00:00,A,EMP_LFS,Y20-64,PC_POP,MK,2017,21.9,,
ESTAT:TESEM060(1.0),11/12/25 23:00:00,A,EMP_LFS,Y20-64,PC_POP,MK,2018,21.4,,
ESTAT:TESEM060(1.0),11/12/25 23:00:00,A,EMP_LFS,Y20-64,PC_POP,MK,2019,21.3,,
ESTAT:TESEM060(1.0),11/12/25 23:00:00,A,EMP_LFS,Y20-64,PC_POP,MK,2020,19.9,,
ESTAT:TESEM060(1.0),11/12/25 23:00:00,A,EMP_LFS,Y20-64,PC_POP,MK,2021,19.2,b,
ESTAT:TESEM060(1.0),11/12/25 23:00:00,A,EMP_LFS,Y20-64,PC_POP,MK,2022,20.1,,
ESTAT:TESEM060(1.0),11/12/25 23:00:00,A,EMP_LFS,Y20-64,PC_POP,MK,2023,18.0,,
ESTAT:TESEM060(1.0),11/12/25 23:00:00,A,EMP_LFS,Y20-64,PC_POP,MK,2024,18.0,,
ESTAT:TESEM060(1.0),11/12/25 23:00:00,A,EMP_LFS,Y20-64,PC_POP,MT,2009,37.5,,
ESTAT:TESEM060(1.0),11/12/25 23:00:00,A,EMP_LFS,Y20-64,PC_POP,MT,2010,36.6,,
ESTAT:TESEM060(1.0),11/12/25 23:00:00,A,EMP_LFS,Y20-64,PC_POP,MT,2011,35.2,,
ESTAT:TESEM060(1.0),11/12/25 23:00:00,A,EMP_LFS,Y20-64,PC_POP,MT,2012,31.4,,
ESTAT:TESEM060(1.0),11/12/25 23:00:00,A,EMP_LFS,Y20-64,PC_POP,MT,2013,28.6,,
ESTAT:TESEM060(1.0),11/12/25 23:00:00,A,EMP_LFS,Y20-64,PC_POP,MT,2014,26.8,,
ESTAT:TESEM060(1.0),11/12/25 23:00:00,A,EMP_LFS,Y20-64,PC_POP,MT,2015,26.8,,
ESTAT:TESEM060(1.0),11/12/25 23:00:00,A,EMP_LFS,Y20-64,PC_POP,MT,2016,25.5,,
ESTAT:TESEM060(1.0),11/12/25 23:00:00,A,EMP_LFS,Y20-64,PC_POP,MT,2017,24.1,,
ESTAT:TESEM060(1.0),11/12/25 23:00:00,A,EMP_LFS,Y20-64,PC_POP,MT,2018,22.3,,
ESTAT:TESEM060(1.0),11/12/25 23:00:00,A,EMP_LFS,Y20-64,PC_POP,MT,2019,22.0,,
ESTAT:TESEM060(1.0),11/12/25 23:00:00,A,EMP_LFS,Y20-64,PC_POP,MT,2020,18.9,,
ESTAT:TESEM060(1.0),11/12/25 23:00:00,A,EMP_LFS,Y20-64,PC_POP,MT,2021,17.6,,
ESTAT:TESEM060(1.0),11/12/25 23:00:00,A,EMP_LFS,Y20-64,PC_POP,MT,2022,13.3,,
ESTAT:TESEM060(1.0),11/12/25 23:00:00,A,EMP_LFS,Y20-64,PC_POP,MT,2023,14.1,,
ESTAT:TESEM060(1.0),11/12/25 23:00:00,A,EMP_LFS,Y20-64,PC_POP,MT,2024,13.6,,
ESTAT:TESEM060(1.0),11/12/25 23:00:00,A,EMP_LFS,Y20-64,PC_POP,NL,2009,13.3,,
ESTAT:TESEM060(1.0),11/12/25 23:00:00,A,EMP_LFS,Y20-64,PC_POP,NL,2010,12.1,,
ESTAT:TESEM060(1.0),11/12/25 23:00:00,A,EMP_LFS,Y20-64,PC_POP,NL,2011,11.4,,
ESTAT:TESEM060(1.0),11/12/25 23:00:00,A,EMP_LFS,Y20-64,PC_POP,NL,2012,10.8,,
ESTAT:TESEM060(1.0),11/12/25 23:00:00,A,EMP_LFS,Y20-64,PC_POP,NL,2013,9.9,,
ESTAT:TESEM060(1.0),11/12/25 23:00:00,A,EMP_LFS,Y20-64,PC_POP,NL,2014,10.9,,
ESTAT:TESEM060(1.0),11/12/25 23:00:00,A,EMP_LFS,Y20-64,PC_POP,NL,2015,10.6,,
ESTAT:TESEM060(1.0),11/12/25 23:00:00,A,EMP_LFS,Y20-64,PC_POP,NL,2016,10.5,,
ESTAT:TESEM060(1.0),11/12/25 23:00:00,A,EMP_LFS,Y20-64,PC_POP,NL,2017,9.9,,
ESTAT:TESEM060(1.0),11/12/25 23:00:00,A,EMP_LFS,Y20-64,PC_POP,NL,2018,9.6,,
ESTAT:TESEM060(1.0),11/12/25 23:00:00,A,EMP_LFS,Y20-64,PC_POP,NL,2019,8.9,,
ESTAT:TESEM060(1.0),11/12/25 23:00:00,A,EMP_LFS,Y20-64,PC_POP,NL,2020,8.4,,
ESTAT:TESEM060(1.0),11/12/25 23:00:00,A,EMP_LFS,Y20-64,PC_POP,NL,2021,8.2,,
ESTAT:TESEM060(1.0),11/12/25 23:00:00,A,EMP_LFS,Y20-64,PC_POP,NL,2022,7.9,,
ESTAT:TESEM060(1.0),11/12/25 23:00:00,A,EMP_LFS,Y20-64,PC_POP,NL,2023,7.8,,
ESTAT:TESEM060(1.0),11/12/25 23:00:00,A,EMP_LFS,Y20-64,PC_POP,NL,2024,7.6,,
ESTAT:TESEM060(1.0),11/12/25 23:00:00,A,EMP_LFS,Y20-64,PC_POP,NO,2009,4.0,,
ESTAT:TESEM060(1.0),11/12/25 23:00:00,A,EMP_LFS,Y20-64,PC_POP,NO,2010,3.5,,
ESTAT:TESEM060(1.0),11/12/25 23:00:00,A,EMP_LFS,Y20-64,PC_POP,NO,2011,3.6,,
ESTAT:TESEM060(1.0),11/12/25 23:00:00,A,EMP_LFS,Y20-64,PC_POP,NO,2012,3.6,,
ESTAT:TESEM060(1.0),11/12/25 23:00:00,A,EMP_LFS,Y20-64,PC_POP,NO,2013,3.5,,
ESTAT:TESEM060(1.0),11/12/25 23:00:00,A,EMP_LFS,Y20-64,PC_POP,NO,2014,4.0,,
ESTAT:TESEM060(1.0),11/12/25 23:00:00,A,EMP_LFS,Y20-64,PC_POP,NO,2015,3.5,,
ESTAT:TESEM060(1.0),11/12/25 23:00:00,A,EMP_LFS,Y20-64,PC_POP,NO,2016,2.6,,
ESTAT:TESEM060(1.0),11/12/25 23:00:00,A,EMP_LFS,Y20-64,PC_POP,NO,2017,3.0,,
ESTAT:TESEM060(1.0),11/12/25 23:00:00,A,EMP_LFS,Y20-64,PC_POP,NO,2018,3.9,,
ESTAT:TESEM060(1.0),11/12/25 23:00:00,A,EMP_LFS,Y20-64,PC_POP,NO,2019,3.8,,
ESTAT:TESEM060(1.0),11/12/25 23:00:00,A,EMP_LFS,Y20-64,PC_POP,NO,2020,3.4,,
ESTAT:TESEM060(1.0),11/12/25 23:00:00,A,EMP_LFS,Y20-64,PC_POP,NO,2021,4.8,,
ESTAT:TESEM060(1.0),11/12/25 23:00:00,A,EMP_LFS,Y20-64,PC_POP,NO,2022,5.7,,
ESTAT:TESEM060(1.0),11/12/25 23:00:00,A,EMP_LFS,Y20-64,PC_POP,NO,2023,5.0,,
ESTAT:TESEM060(1.0),11/12/25 23:00:00,A,EMP_LFS,Y20-64,PC_POP,NO,2024,5.1,,
ESTAT:TESEM060(1.0),11/12/25 23:00:00,A,EMP_LFS,Y20-64,PC_POP,PL,2009,14.3,,
ESTAT:TESEM060(1.0),11/12/25 23:00:00,A,EMP_LFS,Y20-64,PC_POP,PL,2010,13.2,b,
ESTAT:TESEM060(1.0),11/12/25 23:00:00,A,EMP_LFS,Y20-64,PC_POP,PL,2011,13.5,,
ESTAT:TESEM060(1.0),11/12/25 23:00:00,A,EMP_LFS,Y20-64,PC_POP,PL,2012,13.5,,
ESTAT:TESEM060(1.0),11/12/25 23:00:00,A,EMP_LFS,Y20-64,PC_POP,PL,2013,13.7,,
ESTAT:TESEM060(1.0),11/12/25 23:00:00,A,EMP_LFS,Y20-64,PC_POP,PL,2014,13.6,,
ESTAT:TESEM060(1.0),11/12/25 23:00:00,A,EMP_LFS,Y20-64,PC_POP,PL,2015,13.0,,
ESTAT:TESEM060(1.0),11/12/25 23:00:00,A,EMP_LFS,Y20-64,PC_POP,PL,2016,13.4,,
ESTAT:TESEM060(1.0),11/12/25 23:00:00,A,EMP_LFS,Y20-64,PC_POP,PL,2017,14.0,,
ESTAT:TESEM060(1.0),11/12/25 23:00:00,A,EMP_LFS,Y20-64,PC_POP,PL,2018,13.8,,
ESTAT:TESEM060(1.0),11/12/25 23:00:00,A,EMP_LFS,Y20-64,PC_POP,PL,2019,14.6,b,
ESTAT:TESEM060(1.0),11/12/25 23:00:00,A,EMP_LFS,Y20-64,PC_POP,PL,2020,14.8,,
ESTAT:TESEM060(1.0),11/12/25 23:00:00,A,EMP_LFS,Y20-64,PC_POP,PL,2021,13.9,,
ESTAT:TESEM060(1.0),11/12/25 23:00:00,A,EMP_LFS,Y20-64,PC_POP,PL,2022,12.9,,
ESTAT:TESEM060(1.0),11/12/25 23:00:00,A,EMP_LFS,Y20-64,PC_POP,PL,2023,11.8,,
ESTAT:TESEM060(1.0),11/12/25 23:00:00,A,EMP_LFS,Y20-64,PC_POP,PL,2024,11.6,,
ESTAT:TESEM060(1.0),11/12/25 23:00:00,A,EMP_LFS,Y20-64,PC_POP,PT,2009,10.8,,
ESTAT:TESEM060(1.0),11/12/25 23:00:00,A,EMP_LFS,Y20-64,PC_POP,PT,2010,9.9,,
ESTAT:TESEM060(1.0),11/12/25 23:00:00,A,EMP_LFS,Y20-64,PC_POP,PT,2011,8.9,,
ESTAT:TESEM060(1.0),11/12/25 23:00:00,A,EMP_LFS,Y20-64,PC_POP,PT,2012,6.7,,
ESTAT:TESEM060(1.0),11/12/25 23:00:00,A,EMP_LFS,Y20-64,PC_POP,PT,2013,6.1,,
ESTAT:TESEM060(1.0),11/12/25 23:00:00,A,EMP_LFS,Y20-64,PC_POP,PT,2014,6.5,,
ESTAT:TESEM060(1.0),11/12/25 23:00:00,A,EMP_LFS,Y20-64,PC_POP,PT,2015,6.4,,
ESTAT:TESEM060(1.0),11/12/25 23:00:00,A,EMP_LFS,Y20-64,PC_POP,PT,2016,6.2,,
ESTAT:TESEM060(1.0),11/12/25 23:00:00,A,EMP_LFS,Y20-64,PC_POP,PT,2017,7.1,,
ESTAT:TESEM060(1.0),11/12/25 23:00:00,A,EMP_LFS,Y20-64,PC_POP,PT,2018,6.5,,
ESTAT:TESEM060(1.0),11/12/25 23:00:00,A,EMP_LFS,Y20-64,PC_POP,PT,2019,6.8,,
ESTAT:TESEM060(1.0),11/12/25 23:00:00,A,EMP_LFS,Y20-64,PC_POP,PT,2020,5.6,,
ESTAT:TESEM060(1.0),11/12/25 23:00:00,A,EMP_LFS,Y20-64,PC_POP,PT,2021,5.7,,
ESTAT:TESEM060(1.0),11/12/25 23:00:00,A,EMP_LFS,Y20-64,PC_POP,PT,2022,5.8,,
ESTAT:TESEM060(1.0),11/12/25 23:00:00,A,EMP_LFS,Y20-64,PC_POP,PT,2023,5.5,,
ESTAT:TESEM060(1.0),11/12/25 23:00:00,A,EMP_LFS,Y20-64,PC_POP,PT,2024,5.7,,
ESTAT:TESEM060(1.0),11/12/25 23:00:00,A,EMP_LFS,Y20-64,PC_POP,RO,2009,17.5,,
ESTAT:TESEM060(1.0),11/12/25 23:00:00,A,EMP_LFS,Y20-64,PC_POP,RO,2010,17.5,,
ESTAT:TESEM060(1.0),11/12/25 23:00:00,A,EMP_LFS,Y20-64,PC_POP,RO,2011,16.7,,
ESTAT:TESEM060(1.0),11/12/25 23:00:00,A,EMP_LFS,Y20-64,PC_POP,RO,2012,17.2,,
ESTAT:TESEM060(1.0),11/12/25 23:00:00,A,EMP_LFS,Y20-64,PC_POP,RO,2013,17.2,,
ESTAT:TESEM060(1.0),11/12/25 23:00:00,A,EMP_LFS,Y20-64,PC_POP,RO,2014,17.5,,
ESTAT:TESEM060(1.0),11/12/25 23:00:00,A,EMP_LFS,Y20-64,PC_POP,RO,2015,17.7,,
ESTAT:TESEM060(1.0),11/12/25 23:00:00,A,EMP_LFS,Y20-64,PC_POP,RO,2016,17.7,,
ESTAT:TESEM060(1.0),11/12/25 23:00:00,A,EMP_LFS,Y20-64,PC_POP,RO,2017,17.3,,
ESTAT:TESEM060(1.0),11/12/25 23:00:00,A,EMP_LFS,Y20-64,PC_POP,RO,2018,18.5,,
ESTAT:TESEM060(1.0),11/12/25 23:00:00,A,EMP_LFS,Y20-64,PC_POP,RO,2019,19.2,,
ESTAT:TESEM060(1.0),11/12/25 23:00:00,A,EMP_LFS,Y20-64,PC_POP,RO,2020,19.3,,
ESTAT:TESEM060(1.0),11/12/25 23:00:00,A,EMP_LFS,Y20-64,PC_POP,RO,2021,20.1,,
ESTAT:TESEM060(1.0),11/12/25 23:00:00,A,EMP_LFS,Y20-64,PC_POP,RO,2022,18.6,,
ESTAT:TESEM060(1.0),11/12/25 23:00:00,A,EMP_LFS,Y20-64,PC_POP,RO,2023,19.1,,
ESTAT:TESEM060(1.0),11/12/25 23:00:00,A,EMP_LFS,Y20-64,PC_POP,RO,2024,18.1,,
ESTAT:TESEM060(1.0),11/12/25 23:00:00,A,EMP_LFS,Y20-64,PC_POP,RS,2010,16.7,,
ESTAT:TESEM060(1.0),11/12/25 23:00:00,A,EMP_LFS,Y20-64,PC_POP,RS,2011,17.2,,
ESTAT:TESEM060(1.0),11/12/25 23:00:00,A,EMP_LFS,Y20-64,PC_POP,RS,2012,17.4,,
ESTAT:TESEM060(1.0),11/12/25 23:00:00,A,EMP_LFS,Y20-64,PC_POP,RS,2013,17.2,,
ESTAT:TESEM060(1.0),11/12/25 23:00:00,A,EMP_LFS,Y20-64,PC_POP,RS,2014,15.9,,
ESTAT:TESEM060(1.0),11/12/25 23:00:00,A,EMP_LFS,Y20-64,PC_POP,RS,2015,16.2,,
ESTAT:TESEM060(1.0),11/12/25 23:00:00,A,EMP_LFS,Y20-64,PC_POP,RS,2016,15.3,,
ESTAT:TESEM060(1.0),11/12/25 23:00:00,A,EMP_LFS,Y20-64,PC_POP,RS,2017,15.1,,
ESTAT:TESEM060(1.0),11/12/25 23:00:00,A,EMP_LFS,Y20-64,PC_POP,RS,2018,15.9,,
ESTAT:TESEM060(1.0),11/12/25 23:00:00,A,EMP_LFS,Y20-64,PC_POP,RS,2019,15.1,,
ESTAT:TESEM060(1.0),11/12/25 23:00:00,A,EMP_LFS,Y20-64,PC_POP,RS,2020,15.2,,
ESTAT:TESEM060(1.0),11/12/25 23:00:00,A,EMP_LFS,Y20-64,PC_POP,RS,2021,14.7,,
ESTAT:TESEM060(1.0),11/12/25 23:00:00,A,EMP_LFS,Y20-64,PC_POP,RS,2022,14.0,,
ESTAT:TESEM060(1.0),11/12/25 23:00:00,A,EMP_LFS,Y20-64,PC_POP,RS,2023,12.5,,
ESTAT:TESEM060(1.0),11/12/25 23:00:00,A,EMP_LFS,Y20-64,PC_POP,RS,2024,11.7,,
ESTAT:TESEM060(1.0),11/12/25 23:00:00,A,EMP_LFS,Y20-64,PC_POP,SE,2005,5.8,,
ESTAT:TESEM060(1.0),11/12/25 23:00:00,A,EMP_LFS,Y20-64,PC_POP,SE,2006,6.3,,
ESTAT:TESEM060(1.0),11/12/25 23:00:00,A,EMP_LFS,Y20-64,PC_POP,SE,2007,6.4,,
ESTAT:TESEM060(1.0),11/12/25 23:00:00,A,EMP_LFS,Y20-64,PC_POP,SE,2008,6.6,,
ESTAT:TESEM060(1.0),11/12/25 23:00:00,A,EMP_LFS,Y20-64,PC_POP,SE,2009,5.6,,
ESTAT:TESEM060(1.0),11/12/25 23:00:00,A,EMP_LFS,Y20-64,PC_POP,SE,2010,6.5,,
ESTAT:TESEM060(1.0),11/12/25 23:00:00,A,EMP_LFS,Y20-64,PC_POP,SE,2011,6.0,,
ESTAT:TESEM060(1.0),11/12/25 23:00:00,A,EMP_LFS,Y20-64,PC_POP,SE,2012,5.3,,
ESTAT:TESEM060(1.0),11/12/25 23:00:00,A,EMP_LFS,Y20-64,PC_POP,SE,2013,5.3,,
ESTAT:TESEM060(1.0),11/12/25 23:00:00,A,EMP_LFS,Y20-64,PC_POP,SE,2014,4.8,,
ESTAT:TESEM060(1.0),11/12/25 23:00:00,A,EMP_LFS,Y20-64,PC_POP,SE,2015,4.4,,
ESTAT:TESEM060(1.0),11/12/25 23:00:00,A,EMP_LFS,Y20-64,PC_POP,SE,2016,4.1,,
ESTAT:TESEM060(1.0),11/12/25 23:00:00,A,EMP_LFS,Y20-64,PC_POP,SE,2017,4.4,,
ESTAT:TESEM060(1.0),11/12/25 23:00:00,A,EMP_LFS,Y20-64,PC_POP,SE,2018,4.5,,
ESTAT:TESEM060(1.0),11/12/25 23:00:00,A,EMP_LFS,Y20-64,PC_POP,SE,2019,5.2,,
ESTAT:TESEM060(1.0),11/12/25 23:00:00,A,EMP_LFS,Y20-64,PC_POP,SE,2020,5.3,,
ESTAT:TESEM060(1.0),11/12/25 23:00:00,A,EMP_LFS,Y20-64,PC_POP,SE,2021,5.4,,
ESTAT:TESEM060(1.0),11/12/25 23:00:00,A,EMP_LFS,Y20-64,PC_POP,SE,2022,5.7,,
ESTAT:TESEM060(1.0),11/12/25 23:00:00,A,EMP_LFS,Y20-64,PC_POP,SE,2023,4.7,,
ESTAT:TESEM060(1.0),11/12/25 23:00:00,A,EMP_LFS,Y20-64,PC_POP,SE,2024,4.0,,
ESTAT:TESEM060(1.0),11/12/25 23:00:00,A,EMP_LFS,Y20-64,PC_POP,SI,2009,7.4,,
ESTAT:TESEM060(1.0),11/12/25 23:00:00,A,EMP_LFS,Y20-64,PC_POP,SI,2010,7.1,,
ESTAT:TESEM060(1.0),11/12/25 23:00:00,A,EMP_LFS,Y20-64,PC_POP,SI,2011,6.7,,
ESTAT:TESEM060(1.0),11/12/25 23:00:00,A,EMP_LFS,Y20-64,PC_POP,SI,2012,6.9,,
ESTAT:TESEM060(1.0),11/12/25 23:00:00,A,EMP_LFS,Y20-64,PC_POP,SI,2013,8.0,,
ESTAT:TESEM060(1.0),11/12/25 23:00:00,A,EMP_LFS,Y20-64,PC_POP,SI,2014,7.8,,
ESTAT:TESEM060(1.0),11/12/25 23:00:00,A,EMP_LFS,Y20-64,PC_POP,SI,2015,8.5,,
ESTAT:TESEM060(1.0),11/12/25 23:00:00,A,EMP_LFS,Y20-64,PC_POP,SI,2016,6.5,,
ESTAT:TESEM060(1.0),11/12/25 23:00:00,A,EMP_LFS,Y20-64,PC_POP,SI,2017,6.9,,
ESTAT:TESEM060(1.0),11/12/25 23:00:00,A,EMP_LFS,Y20-64,PC_POP,SI,2018,7.1,,
ESTAT:TESEM060(1.0),11/12/25 23:00:00,A,EMP_LFS,Y20-64,PC_POP,SI,2019,6.5,,
ESTAT:TESEM060(1.0),11/12/25 23:00:00,A,EMP_LFS,Y20-64,PC_POP,SI,2020,5.9,,
ESTAT:TESEM060(1.0),11/12/25 23:00:00,A,EMP_LFS,Y20-64,PC_POP,SI,2021,6.7,,
ESTAT:TESEM060(1.0),11/12/25 23:00:00,A,EMP_LFS,Y20-64,PC_POP,SI,2022,6.9,,
ESTAT:TESEM060(1.0),11/12/25 23:00:00,A,EMP_LFS,Y20-64,PC_POP,SI,2023,6.1,,
ESTAT:TESEM060(1.0),11/12/25 23:00:00,A,EMP_LFS,Y20-64,PC_POP,SI,2024,6.0,,
ESTAT:TESEM060(1.0),11/12/25 23:00:00,A,EMP_LFS,Y20-64,PC_POP,SK,2009,11.8,,
ESTAT:TESEM060(1.0),11/12/25 23:00:00,A,EMP_LFS,Y20-64,PC_POP,SK,2010,9.9,,
ESTAT:TESEM060(1.0),11/12/25 23:00:00,A,EMP_LFS,Y20-64,PC_POP,SK,2011,10.5,b,
ESTAT:TESEM060(1.0),11/12/25 23:00:00,A,EMP_LFS,Y20-64,PC_POP,SK,2012,10.9,,
ESTAT:TESEM060(1.0),11/12/25 23:00:00,A,EMP_LFS,Y20-64,PC_POP,SK,2013,9.8,,
ESTAT:TESEM060(1.0),11/12/25 23:00:00,A,EMP_LFS,Y20-64,PC_POP,SK,2014,9.8,,
ESTAT:TESEM060(1.0),11/12/25 23:00:00,A,EMP_LFS,Y20-64,PC_POP,SK,2015,9.9,,
ESTAT:TESEM060(1.0),11/12/25 23:00:00,A,EMP_LFS,Y20-64,PC_POP,SK,2016,9.2,,
ESTAT:TESEM060(1.0),11/12/25 23:00:00,A,EMP_LFS,Y20-64,PC_POP,SK,2017,7.6,,
ESTAT:TESEM060(1.0),11/12/25 23:00:00,A,EMP_LFS,Y20-64,PC_POP,SK,2018,8.5,,
ESTAT:TESEM060(1.0),11/12/25 23:00:00,A,EMP_LFS,Y20-64,PC_POP,SK,2019,7.7,,
ESTAT:TESEM060(1.0),11/12/25 23:00:00,A,EMP_LFS,Y20-64,PC_POP,SK,2020,7.3,,
ESTAT:TESEM060(1.0),11/12/25 23:00:00,A,EMP_LFS,Y20-64,PC_POP,SK,2021,8.5,,
ESTAT:TESEM060(1.0),11/12/25 23:00:00,A,EMP_LFS,Y20-64,PC_POP,SK,2022,8.1,,
ESTAT:TESEM060(1.0),11/12/25 23:00:00,A,EMP_LFS,Y20-64,PC_POP,SK,2023,7.7,,
ESTAT:TESEM060(1.0),11/12/25 23:00:00,A,EMP_LFS,Y20-64,PC_POP,SK,2024,8.9,,
ESTAT:TESEM060(1.0),11/12/25 23:00:00,A,EMP_LFS,Y20-64,PC_POP,TR,2009,44.6,,
ESTAT:TESEM060(1.0),11/12/25 23:00:00,A,EMP_LFS,Y20-64,PC_POP,TR,2010,44.7,,
ESTAT:TESEM060(1.0),11/12/25 23:00:00,A,EMP_LFS,Y20-64,PC_POP,TR,2011,45.4,,
ESTAT:TESEM060(1.0),11/12/25 23:00:00,A,EMP_LFS,Y20-64,PC_POP,TR,2012,44.1,,
ESTAT:TESEM060(1.0),11/12/25 23:00:00,A,EMP_LFS,Y20-64,PC_POP,TR,2013,43.5,,
ESTAT:TESEM060(1.0),11/12/25 23:00:00,A,EMP_LFS,Y20-64,PC_POP,TR,2014,43.4,b,
ESTAT:TESEM060(1.0),11/12/25 23:00:00,A,EMP_LFS,Y20-64,PC_POP,TR,2015,42.8,,
ESTAT:TESEM060(1.0),11/12/25 23:00:00,A,EMP_LFS,Y20-64,PC_POP,TR,2016,42.3,,
ESTAT:TESEM060(1.0),11/12/25 23:00:00,A,EMP_LFS,Y20-64,PC_POP,TR,2017,41.6,,
ESTAT:TESEM060(1.0),11/12/25 23:00:00,A,EMP_LFS,Y20-64,PC_POP,TR,2018,40.8,,
ESTAT:TESEM060(1.0),11/12/25 23:00:00,A,EMP_LFS,Y20-64,PC_POP,TR,2019,38.8,,
ESTAT:TESEM060(1.0),11/12/25 23:00:00,A,EMP_LFS,Y20-64,PC_POP,TR,2020,38.1,,
ESTAT:TESEM060(1.0),11/12/25 23:00:00,A,EMP_LFS,Y20-64,PC_POP,TR,2021,39.4,b,
ESTAT:TESEM060(1.0),11/12/25 23:00:00,A,EMP_LFS,Y20-64,PC_POP,TR,2022,38.9,,
ESTAT:TESEM060(1.0),11/12/25 23:00:00,A,EMP_LFS,Y20-64,PC_POP,TR,2023,38.5,,
ESTAT:TESEM060(1.0),11/12/25 23:00:00,A,EMP_LFS,Y20-64,PC_POP,TR,2024,38.1,,
